img_path,x,yT,yB,class,depth
testing/10084636266401282188_1120_000_1140_000_0.png,1836,528,664,1,43.4
testing/10084636266401282188_1120_000_1140_000_0.png,1808,528,664,0,43.2
testing/10084636266401282188_1120_000_1140_000_0.png,1748,528,664,0,42.7
testing/10084636266401282188_1120_000_1140_000_0.png,1752,528,676,0,39.7
testing/10084636266401282188_1120_000_1140_000_0.png,1764,528,676,0,39.5
testing/10084636266401282188_1120_000_1140_000_0.png,1912,524,692,0,35.3
testing/10084636266401282188_1120_000_1140_000_0.png,1880,524,692,0,35.0
testing/10084636266401282188_1120_000_1140_000_0.png,1856,524,696,0,34.8
testing/10084636266401282188_1120_000_1140_000_0.png,1780,548,696,0,34.4
testing/10084636266401282188_1120_000_1140_000_0.png,1752,624,696,0,34.1
testing/10084636266401282188_1120_000_1140_000_0.png,1748,636,716,0,30.7
testing/10084636266401282188_1120_000_1140_000_0.png,1912,700,728,0,28.9
testing/10084636266401282188_1120_000_1140_000_0.png,1908,708,728,0,28.5
testing/10084636266401282188_1120_000_1140_000_0.png,1916,716,744,0,26.6
testing/10084636266401282188_1120_000_1140_000_0.png,1912,724,752,0,25.9
testing/10084636266401282188_1120_000_1140_000_0.png,1916,736,760,0,24.7
testing/10084636266401282188_1120_000_1140_000_0.png,1916,744,772,0,23.8
testing/10084636266401282188_1120_000_1140_000_0.png,1916,756,780,0,22.9
testing/10084636266401282188_1120_000_1140_000_0.png,1916,768,788,0,22.2
testing/10084636266401282188_1120_000_1140_000_0.png,1872,780,796,0,21.4
testing/10084636266401282188_1120_000_1140_000_0.png,1744,636,716,1,30.7
testing/10084636266401282188_1120_000_1140_000_0.png,1744,564,696,1,34.2
testing/10084636266401282188_1120_000_1140_000_0.png,1736,528,560,1,42.6
testing/10084636266401282188_1120_000_1140_000_0.png,1720,540,700,1,34.1
testing/10084636266401282188_1120_000_1140_000_0.png,1744,644,716,0,30.6
testing/10084636266401282188_1120_000_1140_000_0.png,1744,708,720,0,30.1
testing/10084636266401282188_1120_000_1140_000_0.png,1720,548,560,1,37.5
testing/10084636266401282188_1120_000_1140_000_0.png,1732,528,560,1,42.6
testing/10084636266401282188_1120_000_1140_000_0.png,1712,532,700,1,34.0
testing/10084636266401282188_1120_000_1140_000_0.png,1716,676,700,0,33.5
testing/10084636266401282188_1120_000_1140_000_0.png,1712,684,704,0,33.0
testing/10084636266401282188_1120_000_1140_000_0.png,1712,692,708,0,32.0
testing/10084636266401282188_1120_000_1140_000_0.png,1712,700,712,0,31.0
testing/10084636266401282188_1120_000_1140_000_0.png,1708,528,700,1,34.0
testing/10084636266401282188_1120_000_1140_000_0.png,1708,676,700,0,33.6
testing/10084636266401282188_1120_000_1140_000_0.png,1708,684,704,0,33.0
testing/10084636266401282188_1120_000_1140_000_0.png,1708,692,708,0,32.2
testing/10084636266401282188_1120_000_1140_000_0.png,1708,700,712,0,31.1
testing/10084636266401282188_1120_000_1140_000_0.png,1704,528,700,1,33.9
testing/10084636266401282188_1120_000_1140_000_0.png,1700,684,704,0,33.1
testing/10084636266401282188_1120_000_1140_000_0.png,1700,688,708,0,32.2
testing/10084636266401282188_1120_000_1140_000_0.png,1704,700,712,0,31.2
testing/10084636266401282188_1120_000_1140_000_0.png,1696,528,700,1,33.9
testing/10084636266401282188_1120_000_1140_000_0.png,1696,684,704,0,33.2
testing/10084636266401282188_1120_000_1140_000_0.png,1696,688,708,0,32.3
testing/10084636266401282188_1120_000_1140_000_0.png,1700,700,712,0,31.2
testing/10084636266401282188_1120_000_1140_000_0.png,1692,528,700,1,33.9
testing/10084636266401282188_1120_000_1140_000_0.png,1692,684,700,0,33.3
testing/10084636266401282188_1120_000_1140_000_0.png,1692,688,708,0,32.4
testing/10084636266401282188_1120_000_1140_000_0.png,1692,700,712,0,31.2
testing/10084636266401282188_1120_000_1140_000_0.png,1688,528,700,1,33.9
testing/10084636266401282188_1120_000_1140_000_0.png,1684,684,700,0,33.3
testing/10084636266401282188_1120_000_1140_000_0.png,1684,688,708,0,32.4
testing/10084636266401282188_1120_000_1140_000_0.png,1688,700,712,0,31.3
testing/10084636266401282188_1120_000_1140_000_0.png,1684,528,700,1,33.8
testing/10084636266401282188_1120_000_1140_000_0.png,1680,684,700,0,33.4
testing/10084636266401282188_1120_000_1140_000_0.png,1680,688,704,0,32.5
testing/10084636266401282188_1120_000_1140_000_0.png,1680,700,712,0,31.4
testing/10084636266401282188_1120_000_1140_000_0.png,1676,528,700,1,33.9
testing/10084636266401282188_1120_000_1140_000_0.png,1672,688,704,0,32.6
testing/10084636266401282188_1120_000_1140_000_0.png,1676,700,712,0,31.4
testing/10084636266401282188_1120_000_1140_000_0.png,1672,548,604,1,38.1
testing/10084636266401282188_1120_000_1140_000_0.png,1672,528,700,1,34.0
testing/10084636266401282188_1120_000_1140_000_0.png,1668,688,704,0,32.6
testing/10084636266401282188_1120_000_1140_000_0.png,1672,700,712,0,31.5
testing/10084636266401282188_1120_000_1140_000_0.png,1664,544,548,1,38.1
testing/10084636266401282188_1120_000_1140_000_0.png,1664,528,536,1,42.3
testing/10084636266401282188_1120_000_1140_000_0.png,1664,556,700,1,34.1
testing/10084636266401282188_1120_000_1140_000_0.png,1664,684,700,0,33.7
testing/10084636266401282188_1120_000_1140_000_0.png,1664,688,704,0,32.7
testing/10084636266401282188_1120_000_1140_000_0.png,1664,700,712,0,31.6
testing/10084636266401282188_1120_000_1140_000_0.png,1660,544,548,1,38.1
testing/10084636266401282188_1120_000_1140_000_0.png,1660,528,536,1,42.1
testing/10084636266401282188_1120_000_1140_000_0.png,1656,556,700,1,34.1
testing/10084636266401282188_1120_000_1140_000_0.png,1660,688,704,0,32.8
testing/10084636266401282188_1120_000_1140_000_0.png,1660,700,712,0,31.7
testing/10084636266401282188_1120_000_1140_000_0.png,1656,544,548,1,38.2
testing/10084636266401282188_1120_000_1140_000_0.png,1652,536,696,1,34.4
testing/10084636266401282188_1120_000_1140_000_0.png,1652,560,700,0,34.1
testing/10084636266401282188_1120_000_1140_000_0.png,1652,688,704,0,32.9
testing/10084636266401282188_1120_000_1140_000_0.png,1656,700,712,0,31.7
testing/10084636266401282188_1120_000_1140_000_0.png,1648,528,696,1,34.3
testing/10084636266401282188_1120_000_1140_000_0.png,1652,648,700,0,34.0
testing/10084636266401282188_1120_000_1140_000_0.png,1648,688,704,0,33.0
testing/10084636266401282188_1120_000_1140_000_0.png,1648,700,708,0,31.8
testing/10084636266401282188_1120_000_1140_000_0.png,1644,528,700,1,34.2
testing/10084636266401282188_1120_000_1140_000_0.png,1644,688,704,0,33.1
testing/10084636266401282188_1120_000_1140_000_0.png,1640,528,700,1,34.1
testing/10084636266401282188_1120_000_1140_000_0.png,1636,688,704,0,33.0
testing/10084636266401282188_1120_000_1140_000_0.png,1632,528,700,1,34.2
testing/10084636266401282188_1120_000_1140_000_0.png,1632,688,704,0,33.2
testing/10084636266401282188_1120_000_1140_000_0.png,1628,528,700,1,34.2
testing/10084636266401282188_1120_000_1140_000_0.png,1624,688,704,0,33.2
testing/10084636266401282188_1120_000_1140_000_0.png,1620,564,668,1,41.9
testing/10084636266401282188_1120_000_1140_000_0.png,1620,612,676,0,40.1
testing/10084636266401282188_1120_000_1140_000_0.png,1624,528,700,1,34.2
testing/10084636266401282188_1120_000_1140_000_0.png,1620,688,704,0,33.3
testing/10084636266401282188_1120_000_1140_000_0.png,1616,544,668,1,41.9
testing/10084636266401282188_1120_000_1140_000_0.png,1616,620,676,0,40.3
testing/10084636266401282188_1120_000_1140_000_0.png,1616,528,700,1,34.3
testing/10084636266401282188_1120_000_1140_000_0.png,1616,688,704,0,33.4
testing/10084636266401282188_1120_000_1140_000_0.png,1612,544,668,1,41.9
testing/10084636266401282188_1120_000_1140_000_0.png,1612,620,676,0,40.2
testing/10084636266401282188_1120_000_1140_000_0.png,1612,528,700,1,34.4
testing/10084636266401282188_1120_000_1140_000_0.png,1612,688,704,0,33.4
testing/10084636266401282188_1120_000_1140_000_0.png,1608,544,672,1,41.8
testing/10084636266401282188_1120_000_1140_000_0.png,1608,620,676,0,40.1
testing/10084636266401282188_1120_000_1140_000_0.png,1608,528,700,1,34.4
testing/10084636266401282188_1120_000_1140_000_0.png,1604,688,700,0,33.5
testing/10084636266401282188_1120_000_1140_000_0.png,1600,536,600,1,41.9
testing/10084636266401282188_1120_000_1140_000_0.png,1600,528,700,1,34.4
testing/10084636266401282188_1120_000_1140_000_0.png,1600,688,700,0,33.6
testing/10084636266401282188_1120_000_1140_000_0.png,1596,544,600,1,41.9
testing/10084636266401282188_1120_000_1140_000_0.png,1596,528,700,1,34.4
testing/10084636266401282188_1120_000_1140_000_0.png,1592,688,700,0,33.6
testing/10084636266401282188_1120_000_1140_000_0.png,1592,544,600,1,41.8
testing/10084636266401282188_1120_000_1140_000_0.png,1592,528,700,1,34.5
testing/10084636266401282188_1120_000_1140_000_0.png,1588,688,700,0,33.6
testing/10084636266401282188_1120_000_1140_000_0.png,1584,532,700,1,34.5
testing/10084636266401282188_1120_000_1140_000_0.png,1584,688,700,0,33.7
testing/10084636266401282188_1120_000_1140_000_0.png,1580,532,696,1,34.6
testing/10084636266401282188_1120_000_1140_000_0.png,1576,688,700,0,33.8
testing/10084636266401282188_1120_000_1140_000_0.png,1576,532,696,1,34.6
testing/10084636266401282188_1120_000_1140_000_0.png,1572,688,700,0,33.7
testing/10084636266401282188_1120_000_1140_000_0.png,1568,532,696,1,34.6
testing/10084636266401282188_1120_000_1140_000_0.png,1568,688,700,0,33.8
testing/10084636266401282188_1120_000_1140_000_0.png,1564,544,608,1,41.6
testing/10084636266401282188_1120_000_1140_000_0.png,1564,608,612,0,39.6
testing/10084636266401282188_1120_000_1140_000_0.png,1564,532,696,1,34.7
testing/10084636266401282188_1120_000_1140_000_0.png,1556,688,700,0,33.8
testing/10084636266401282188_1120_000_1140_000_0.png,1560,544,608,1,41.6
testing/10084636266401282188_1120_000_1140_000_0.png,1556,600,608,0,39.6
testing/10084636266401282188_1120_000_1140_000_0.png,1556,532,696,1,34.8
testing/10084636266401282188_1120_000_1140_000_0.png,1552,688,700,0,33.9
testing/10084636266401282188_1120_000_1140_000_0.png,1548,544,612,1,41.6
testing/10084636266401282188_1120_000_1140_000_0.png,1548,600,612,0,39.6
testing/10084636266401282188_1120_000_1140_000_0.png,1548,532,696,1,34.8
testing/10084636266401282188_1120_000_1140_000_0.png,1548,688,700,0,34.0
testing/10084636266401282188_1120_000_1140_000_0.png,1544,532,696,1,34.8
testing/10084636266401282188_1120_000_1140_000_0.png,1544,536,704,0,33.2
testing/10084636266401282188_1120_000_1140_000_0.png,1540,532,704,1,33.2
testing/10084636266401282188_1120_000_1140_000_0.png,1532,532,704,1,33.1
testing/10084636266401282188_1120_000_1140_000_0.png,1528,532,704,1,33.1
testing/10084636266401282188_1120_000_1140_000_0.png,1524,532,704,1,33.1
testing/10084636266401282188_1120_000_1140_000_0.png,1516,532,704,1,33.1
testing/10084636266401282188_1120_000_1140_000_0.png,1512,532,704,1,33.1
testing/10084636266401282188_1120_000_1140_000_0.png,1508,532,704,1,33.4
testing/10084636266401282188_1120_000_1140_000_0.png,1500,532,696,1,35.3
testing/10084636266401282188_1120_000_1140_000_0.png,1496,532,696,1,35.3
testing/10084636266401282188_1120_000_1140_000_0.png,1492,532,696,1,35.5
testing/10084636266401282188_1120_000_1140_000_0.png,1484,532,696,1,35.4
testing/10084636266401282188_1120_000_1140_000_0.png,1480,532,696,1,35.3
testing/10084636266401282188_1120_000_1140_000_0.png,1476,532,696,1,35.4
testing/10084636266401282188_1120_000_1140_000_0.png,1472,532,696,1,35.6
testing/10084636266401282188_1120_000_1140_000_0.png,1464,532,696,1,35.8
testing/10084636266401282188_1120_000_1140_000_0.png,1460,532,688,1,37.8
testing/10084636266401282188_1120_000_1140_000_0.png,1460,620,692,0,36.7
testing/10084636266401282188_1120_000_1140_000_0.png,1460,624,692,0,36.4
testing/10084636266401282188_1120_000_1140_000_0.png,1456,532,684,1,38.1
testing/10084636266401282188_1120_000_1140_000_0.png,1456,620,688,0,36.9
testing/10084636266401282188_1120_000_1140_000_0.png,1456,624,692,0,36.7
testing/10084636266401282188_1120_000_1140_000_0.png,1452,532,684,1,38.4
testing/10084636266401282188_1120_000_1140_000_0.png,1448,620,688,0,37.3
testing/10084636266401282188_1120_000_1140_000_0.png,1448,632,688,0,37.0
testing/10084636266401282188_1120_000_1140_000_0.png,1444,532,684,1,38.5
testing/10084636266401282188_1120_000_1140_000_0.png,1444,620,688,0,37.5
testing/10084636266401282188_1120_000_1140_000_0.png,1448,644,688,0,37.3
testing/10084636266401282188_1120_000_1140_000_0.png,1440,532,684,1,38.5
testing/10084636266401282188_1120_000_1140_000_0.png,1440,620,684,0,37.9
testing/10084636266401282188_1120_000_1140_000_0.png,1436,684,688,0,37.3
testing/10084636266401282188_1120_000_1140_000_0.png,1436,532,684,1,38.4
testing/10084636266401282188_1120_000_1140_000_0.png,1436,652,684,0,38.1
testing/10084636266401282188_1120_000_1140_000_0.png,1432,684,688,0,37.5
testing/10084636266401282188_1120_000_1140_000_0.png,1428,532,684,1,38.5
testing/10084636266401282188_1120_000_1140_000_0.png,1428,684,688,0,37.4
testing/10084636266401282188_1120_000_1140_000_0.png,1424,532,684,1,38.8
testing/10084636266401282188_1120_000_1140_000_0.png,1420,532,680,1,39.2
testing/10084636266401282188_1120_000_1140_000_0.png,1420,684,688,0,37.5
testing/10084636266401282188_1120_000_1140_000_0.png,1412,532,680,1,39.7
testing/10084636266401282188_1120_000_1140_000_0.png,1412,608,684,0,38.1
testing/10084636266401282188_1120_000_1140_000_0.png,1412,684,688,0,37.6
testing/10084636266401282188_1120_000_1140_000_0.png,1408,532,680,1,40.0
testing/10084636266401282188_1120_000_1140_000_0.png,1408,600,684,0,38.1
testing/10084636266401282188_1120_000_1140_000_0.png,1408,612,688,0,37.9
testing/10084636266401282188_1120_000_1140_000_0.png,1404,532,676,1,40.5
testing/10084636266401282188_1120_000_1140_000_0.png,1404,596,684,0,38.1
testing/10084636266401282188_1120_000_1140_000_0.png,1400,608,688,0,37.9
testing/10084636266401282188_1120_000_1140_000_0.png,1400,532,676,1,40.8
testing/10084636266401282188_1120_000_1140_000_0.png,1400,596,688,0,38.1
testing/10084636266401282188_1120_000_1140_000_0.png,1396,532,672,1,41.9
testing/10084636266401282188_1120_000_1140_000_0.png,1392,588,688,0,38.1
testing/10084636266401282188_1120_000_1140_000_0.png,1388,536,672,1,42.5
testing/10084636266401282188_1120_000_1140_000_0.png,1388,596,688,0,38.0
testing/10084636266401282188_1120_000_1140_000_0.png,1376,540,564,1,32.0
testing/10084636266401282188_1120_000_1140_000_0.png,1372,536,672,1,43.3
testing/10084636266401282188_1120_000_1140_000_0.png,1380,536,672,0,42.6
testing/10084636266401282188_1120_000_1140_000_0.png,1384,596,688,0,38.0
testing/10084636266401282188_1120_000_1140_000_0.png,1372,540,564,1,31.9
testing/10084636266401282188_1120_000_1140_000_0.png,1368,580,660,1,47.9
testing/10084636266401282188_1120_000_1140_000_0.png,1364,656,664,0,45.5
testing/10084636266401282188_1120_000_1140_000_0.png,1368,664,668,0,44.2
testing/10084636266401282188_1120_000_1140_000_0.png,1368,676,680,0,40.9
testing/10084636266401282188_1120_000_1140_000_0.png,1368,532,564,1,32.0
testing/10084636266401282188_1120_000_1140_000_0.png,1364,572,660,1,48.0
testing/10084636266401282188_1120_000_1140_000_0.png,1364,664,668,0,44.7
testing/10084636266401282188_1120_000_1140_000_0.png,1360,672,676,0,42.3
testing/10084636266401282188_1120_000_1140_000_0.png,1364,532,564,1,32.1
testing/10084636266401282188_1120_000_1140_000_0.png,1356,580,660,1,48.0
testing/10084636266401282188_1120_000_1140_000_0.png,1360,656,664,0,45.6
testing/10084636266401282188_1120_000_1140_000_0.png,1360,664,668,0,45.2
testing/10084636266401282188_1120_000_1140_000_0.png,1360,532,564,1,32.1
testing/10084636266401282188_1120_000_1140_000_0.png,1352,540,664,1,45.6
testing/10084636266401282188_1120_000_1140_000_0.png,1352,532,560,1,32.0
testing/10084636266401282188_1120_000_1140_000_0.png,1348,540,664,1,46.2
testing/10084636266401282188_1120_000_1140_000_0.png,1340,540,660,1,47.7
testing/10084636266401282188_1120_000_1140_000_0.png,1336,540,660,1,47.5
testing/10084636266401282188_1120_000_1140_000_0.png,1336,532,576,1,32.1
testing/10084636266401282188_1120_000_1140_000_0.png,1336,560,576,0,31.2
testing/10084636266401282188_1120_000_1140_000_0.png,1336,572,660,1,47.9
testing/10084636266401282188_1120_000_1140_000_0.png,1332,532,716,1,31.9
testing/10084636266401282188_1120_000_1140_000_0.png,1332,540,720,0,31.3
testing/10084636266401282188_1120_000_1140_000_0.png,1328,532,716,1,31.5
testing/10084636266401282188_1120_000_1140_000_0.png,1328,540,720,0,31.2
testing/10084636266401282188_1120_000_1140_000_0.png,1324,532,716,1,31.6
testing/10084636266401282188_1120_000_1140_000_0.png,1320,540,720,0,31.3
testing/10084636266401282188_1120_000_1140_000_0.png,1316,560,656,1,50.3
testing/10084636266401282188_1120_000_1140_000_0.png,1316,532,716,1,31.8
testing/10084636266401282188_1120_000_1140_000_0.png,1320,548,716,0,31.4
testing/10084636266401282188_1120_000_1140_000_0.png,1312,536,656,1,50.4
testing/10084636266401282188_1120_000_1140_000_0.png,1308,536,656,1,50.6
testing/10084636266401282188_1120_000_1140_000_0.png,1308,548,656,0,50.3
testing/10084636266401282188_1120_000_1140_000_0.png,1304,536,652,1,51.4
testing/10084636266401282188_1120_000_1140_000_0.png,1304,548,652,0,51.1
testing/10084636266401282188_1120_000_1140_000_0.png,1296,536,652,1,52.3
testing/10084636266401282188_1120_000_1140_000_0.png,1292,536,652,1,53.0
testing/10084636266401282188_1120_000_1140_000_0.png,1288,536,648,1,53.7
testing/10084636266401282188_1120_000_1140_000_0.png,1284,536,648,1,54.6
testing/10084636266401282188_1120_000_1140_000_0.png,1276,544,648,1,55.6
testing/10084636266401282188_1120_000_1140_000_0.png,1272,536,644,1,56.3
testing/10084636266401282188_1120_000_1140_000_0.png,1272,640,644,0,55.8
testing/10084636266401282188_1120_000_1140_000_0.png,1268,536,644,1,56.4
testing/10084636266401282188_1120_000_1140_000_0.png,1268,616,644,0,55.8
testing/10084636266401282188_1120_000_1140_000_0.png,1264,536,644,1,57.1
testing/10084636266401282188_1120_000_1140_000_0.png,1260,616,644,0,55.9
testing/10084636266401282188_1120_000_1140_000_0.png,1260,656,688,1,38.3
testing/10084636266401282188_1120_000_1140_000_0.png,1256,536,644,1,57.9
testing/10084636266401282188_1120_000_1140_000_0.png,1256,616,648,0,55.8
testing/10084636266401282188_1120_000_1140_000_0.png,1256,656,688,1,38.5
testing/10084636266401282188_1120_000_1140_000_0.png,1252,616,648,1,55.8
testing/10084636266401282188_1120_000_1140_000_0.png,1252,548,636,1,63.6
testing/10084636266401282188_1120_000_1140_000_0.png,1256,572,636,0,63.1
testing/10084636266401282188_1120_000_1140_000_0.png,1252,580,636,0,62.2
testing/10084636266401282188_1120_000_1140_000_0.png,1252,612,636,0,61.6
testing/10084636266401282188_1120_000_1140_000_0.png,1252,664,688,1,38.3
testing/10084636266401282188_1120_000_1140_000_0.png,1248,616,648,1,55.8
testing/10084636266401282188_1120_000_1140_000_0.png,1248,548,636,1,63.8
testing/10084636266401282188_1120_000_1140_000_0.png,1248,580,636,0,62.4
testing/10084636266401282188_1120_000_1140_000_0.png,1248,628,680,1,40.4
testing/10084636266401282188_1120_000_1140_000_0.png,1248,652,688,0,38.8
testing/10084636266401282188_1120_000_1140_000_0.png,1252,656,688,0,38.4
testing/10084636266401282188_1120_000_1140_000_0.png,1240,540,680,1,40.4
testing/10084636266401282188_1120_000_1140_000_0.png,1244,652,688,0,38.6
testing/10084636266401282188_1120_000_1140_000_0.png,1240,656,688,0,38.3
testing/10084636266401282188_1120_000_1140_000_0.png,1240,536,684,1,40.4
testing/10084636266401282188_1120_000_1140_000_0.png,1236,656,688,0,38.6
testing/10084636266401282188_1120_000_1140_000_0.png,1240,664,688,0,38.3
testing/10084636266401282188_1120_000_1140_000_0.png,1232,536,684,1,40.4
testing/10084636266401282188_1120_000_1140_000_0.png,1232,664,688,0,38.3
testing/10084636266401282188_1120_000_1140_000_0.png,1228,556,632,1,66.1
testing/10084636266401282188_1120_000_1140_000_0.png,1228,536,684,1,40.5
testing/10084636266401282188_1120_000_1140_000_0.png,1232,656,688,0,38.8
testing/10084636266401282188_1120_000_1140_000_0.png,1228,664,688,0,38.5
testing/10084636266401282188_1120_000_1140_000_0.png,1228,672,688,0,38.2
testing/10084636266401282188_1120_000_1140_000_0.png,1224,536,632,1,68.5
testing/10084636266401282188_1120_000_1140_000_0.png,1224,552,632,0,66.2
testing/10084636266401282188_1120_000_1140_000_0.png,1224,620,676,1,41.8
testing/10084636266401282188_1120_000_1140_000_0.png,1220,656,688,0,39.1
testing/10084636266401282188_1120_000_1140_000_0.png,1224,672,688,0,38.4
testing/10084636266401282188_1120_000_1140_000_0.png,1216,556,660,1,48.4
testing/10084636266401282188_1120_000_1140_000_0.png,1220,536,576,1,68.5
testing/10084636266401282188_1120_000_1140_000_0.png,1216,644,676,1,42.1
testing/10084636266401282188_1120_000_1140_000_0.png,1212,548,660,1,48.3
testing/10084636266401282188_1120_000_1140_000_0.png,1212,536,544,1,68.7
testing/10084636266401282188_1120_000_1140_000_0.png,1212,652,676,1,42.9
testing/10084636266401282188_1120_000_1140_000_0.png,1208,548,660,1,48.5
testing/10084636266401282188_1120_000_1140_000_0.png,1208,580,664,0,48.2
testing/10084636266401282188_1120_000_1140_000_0.png,1208,536,544,1,68.6
testing/10084636266401282188_1120_000_1140_000_0.png,1204,652,672,1,44.2
testing/10084636266401282188_1120_000_1140_000_0.png,1200,660,676,0,42.9
testing/10084636266401282188_1120_000_1140_000_0.png,1204,548,660,1,49.5
testing/10084636266401282188_1120_000_1140_000_0.png,1204,556,660,0,48.4
testing/10084636266401282188_1120_000_1140_000_0.png,1200,616,664,0,48.1
testing/10084636266401282188_1120_000_1140_000_0.png,1200,548,656,1,50.3
testing/10084636266401282188_1120_000_1140_000_0.png,1200,556,664,0,48.3
testing/10084636266401282188_1120_000_1140_000_0.png,1196,640,672,0,44.6
testing/10084636266401282188_1120_000_1140_000_0.png,1200,652,672,0,44.2
testing/10084636266401282188_1120_000_1140_000_0.png,1200,664,676,0,42.9
testing/10084636266401282188_1120_000_1140_000_0.png,1192,556,664,1,48.3
testing/10084636266401282188_1120_000_1140_000_0.png,1192,640,672,0,44.6
testing/10084636266401282188_1120_000_1140_000_0.png,1192,644,672,0,44.4
testing/10084636266401282188_1120_000_1140_000_0.png,1196,652,672,0,44.0
testing/10084636266401282188_1120_000_1140_000_0.png,1196,660,676,0,42.9
testing/10084636266401282188_1120_000_1140_000_0.png,1188,652,672,1,44.0
testing/10084636266401282188_1120_000_1140_000_0.png,1188,556,664,1,48.3
testing/10084636266401282188_1120_000_1140_000_0.png,1184,556,664,1,48.3
testing/10084636266401282188_1120_000_1140_000_0.png,1184,588,664,0,48.1
testing/10084636266401282188_1120_000_1140_000_0.png,1184,644,672,0,44.5
testing/10084636266401282188_1120_000_1140_000_0.png,1180,660,672,0,43.9
testing/10084636266401282188_1120_000_1140_000_0.png,1180,556,664,1,48.3
testing/10084636266401282188_1120_000_1140_000_0.png,1180,652,672,0,44.3
testing/10084636266401282188_1120_000_1140_000_0.png,1176,660,672,0,44.1
testing/10084636266401282188_1120_000_1140_000_0.png,1172,556,664,1,48.3
testing/10084636266401282188_1120_000_1140_000_0.png,1176,540,552,1,75.7
testing/10084636266401282188_1120_000_1140_000_0.png,1168,556,664,1,48.3
testing/10084636266401282188_1120_000_1140_000_0.png,1168,540,552,1,75.7
testing/10084636266401282188_1120_000_1140_000_0.png,1164,556,664,1,48.2
testing/10084636266401282188_1120_000_1140_000_0.png,1164,540,552,1,75.7
testing/10084636266401282188_1120_000_1140_000_0.png,1160,556,664,1,48.1
testing/10084636266401282188_1120_000_1140_000_0.png,1160,540,552,1,75.8
testing/10084636266401282188_1120_000_1140_000_0.png,1152,556,664,1,48.2
testing/10084636266401282188_1120_000_1140_000_0.png,1152,548,664,1,49.0
testing/10084636266401282188_1120_000_1140_000_0.png,1148,556,664,0,48.2
testing/10084636266401282188_1120_000_1140_000_0.png,1144,552,660,1,50.2
testing/10084636266401282188_1120_000_1140_000_0.png,1144,556,660,0,49.4
testing/10084636266401282188_1120_000_1140_000_0.png,1144,564,664,0,48.2
testing/10084636266401282188_1120_000_1140_000_0.png,1140,552,656,1,51.9
testing/10084636266401282188_1120_000_1140_000_0.png,1140,556,656,0,51.6
testing/10084636266401282188_1120_000_1140_000_0.png,1140,600,664,0,48.6
testing/10084636266401282188_1120_000_1140_000_0.png,1136,556,656,1,51.9
testing/10084636266401282188_1120_000_1140_000_0.png,1136,600,664,0,48.6
testing/10084636266401282188_1120_000_1140_000_0.png,1132,616,664,0,48.4
testing/10084636266401282188_1120_000_1140_000_0.png,1128,612,664,1,48.5
testing/10084636266401282188_1120_000_1140_000_0.png,1132,540,636,1,65.3
testing/10084636266401282188_1120_000_1140_000_0.png,1124,604,656,1,51.8
testing/10084636266401282188_1120_000_1140_000_0.png,1124,540,600,1,65.1
testing/10084636266401282188_1120_000_1140_000_0.png,1120,604,656,1,51.8
testing/10084636266401282188_1120_000_1140_000_0.png,1116,604,656,1,51.8
testing/10084636266401282188_1120_000_1140_000_0.png,1108,616,656,1,51.8
testing/10084636266401282188_1120_000_1140_000_0.png,1104,624,656,1,51.8
testing/10084636266401282188_1120_000_1140_000_0.png,1096,616,632,1,72.0
testing/10084636266401282188_1120_000_1140_000_0.png,1088,616,632,1,71.9
testing/10084636266401282188_1120_000_1140_000_0.png,1084,616,632,1,71.8
testing/10084636266401282188_1120_000_1140_000_0.png,1080,616,632,1,71.8
testing/10084636266401282188_1120_000_1140_000_0.png,1076,612,632,1,71.7
testing/10084636266401282188_1120_000_1140_000_0.png,1072,612,632,1,71.7
testing/10084636266401282188_1120_000_1140_000_0.png,1068,600,632,1,72.7
testing/10084636266401282188_1120_000_1140_000_0.png,1064,612,632,0,71.8
testing/10084636266401282188_1120_000_1140_000_0.png,1060,612,632,1,71.8
testing/10084636266401282188_1120_000_1140_000_0.png,1056,620,632,1,71.9
testing/10084636266401282188_1120_000_1140_000_0.png,1052,620,632,1,71.9
testing/10084636266401282188_1120_000_1140_000_0.png,1052,624,632,0,71.7
testing/10084636266401282188_1120_000_1140_000_0.png,1048,624,632,1,71.8
testing/10084636266401282188_1120_000_1140_000_0.png,1020,984,1012,1,12.2
testing/10084636266401282188_1120_000_1140_000_0.png,1016,984,1012,1,12.1
testing/10084636266401282188_1120_000_1140_000_0.png,1012,984,1012,1,12.1
testing/10084636266401282188_1120_000_1140_000_0.png,1004,984,1012,1,12.1
testing/10084636266401282188_1120_000_1140_000_0.png,1000,984,1016,1,12.1
testing/10084636266401282188_1120_000_1140_000_0.png,996,984,1016,1,12.1
testing/10084636266401282188_1120_000_1140_000_0.png,992,984,1016,1,12.1
testing/10084636266401282188_1120_000_1140_000_0.png,984,984,1016,1,12.1
testing/10084636266401282188_1120_000_1140_000_0.png,980,984,1016,1,12.1
testing/10084636266401282188_1120_000_1140_000_0.png,976,984,1016,1,12.1
testing/10084636266401282188_1120_000_1140_000_0.png,972,964,1016,1,12.1
testing/10084636266401282188_1120_000_1140_000_0.png,968,964,1020,1,12.0
testing/10084636266401282188_1120_000_1140_000_0.png,964,948,1016,1,12.1
testing/10084636266401282188_1120_000_1140_000_0.png,956,916,1016,1,12.1
testing/10084636266401282188_1120_000_1140_000_0.png,952,788,1024,1,12.0
testing/10084636266401282188_1120_000_1140_000_0.png,944,788,1028,1,11.9
testing/10084636266401282188_1120_000_1140_000_0.png,940,708,1016,1,12.2
testing/10084636266401282188_1120_000_1140_000_0.png,936,684,1020,1,12.1
testing/10084636266401282188_1120_000_1140_000_0.png,928,684,1024,1,12.1
testing/10084636266401282188_1120_000_1140_000_0.png,924,676,1028,1,12.0
testing/10084636266401282188_1120_000_1140_000_0.png,920,676,1024,1,12.1
testing/10084636266401282188_1120_000_1140_000_0.png,916,676,1024,1,12.1
testing/10084636266401282188_1120_000_1140_000_0.png,916,752,1036,0,11.8
testing/10084636266401282188_1120_000_1140_000_0.png,908,676,1024,1,12.1
testing/10084636266401282188_1120_000_1140_000_0.png,912,752,1036,0,11.8
testing/10084636266401282188_1120_000_1140_000_0.png,904,684,1024,1,12.1
testing/10084636266401282188_1120_000_1140_000_0.png,904,752,1036,0,11.8
testing/10084636266401282188_1120_000_1140_000_0.png,904,676,1028,1,12.1
testing/10084636266401282188_1120_000_1140_000_0.png,904,776,1036,0,11.8
testing/10084636266401282188_1120_000_1140_000_0.png,896,684,1024,1,12.1
testing/10084636266401282188_1120_000_1140_000_0.png,900,764,1036,0,11.8
testing/10084636266401282188_1120_000_1140_000_0.png,892,692,1024,1,12.1
testing/10084636266401282188_1120_000_1140_000_0.png,892,868,1036,0,11.8
testing/10084636266401282188_1120_000_1140_000_0.png,884,732,1024,1,12.0
testing/10084636266401282188_1120_000_1140_000_0.png,888,800,1036,0,11.8
testing/10084636266401282188_1120_000_1140_000_0.png,884,744,1028,1,12.0
testing/10084636266401282188_1120_000_1140_000_0.png,884,812,1040,0,11.7
testing/10084636266401282188_1120_000_1140_000_0.png,880,764,1028,1,12.0
testing/10084636266401282188_1120_000_1140_000_0.png,876,768,1024,1,12.1
testing/10084636266401282188_1120_000_1140_000_0.png,872,788,1032,0,11.9
testing/10084636266401282188_1120_000_1140_000_0.png,868,768,1020,1,12.1
testing/10084636266401282188_1120_000_1140_000_0.png,868,788,1032,0,11.9
testing/10084636266401282188_1120_000_1140_000_0.png,864,776,1024,1,12.0
testing/10084636266401282188_1120_000_1140_000_0.png,864,816,1036,0,11.8
testing/10084636266401282188_1120_000_1140_000_0.png,856,788,1032,1,11.9
testing/10084636266401282188_1120_000_1140_000_0.png,852,788,1032,1,11.9
testing/10084636266401282188_1120_000_1140_000_0.png,848,788,1028,1,12.0
testing/10084636266401282188_1120_000_1140_000_0.png,844,800,1024,1,12.0
testing/10084636266401282188_1120_000_1140_000_0.png,844,828,1036,0,11.8
testing/10084636266401282188_1120_000_1140_000_0.png,832,816,1028,1,12.0
testing/10084636266401282188_1120_000_1140_000_0.png,852,624,664,1,51.7
testing/10084636266401282188_1120_000_1140_000_0.png,832,828,1032,1,11.9
testing/10084636266401282188_1120_000_1140_000_0.png,848,624,668,1,51.8
testing/10084636266401282188_1120_000_1140_000_0.png,848,636,668,0,51.5
testing/10084636266401282188_1120_000_1140_000_0.png,844,644,668,0,50.8
testing/10084636266401282188_1120_000_1140_000_0.png,844,624,668,1,51.8
testing/10084636266401282188_1120_000_1140_000_0.png,840,632,668,0,51.4
testing/10084636266401282188_1120_000_1140_000_0.png,844,636,668,0,50.9
testing/10084636266401282188_1120_000_1140_000_0.png,840,644,668,0,50.6
testing/10084636266401282188_1120_000_1140_000_0.png,836,620,664,1,52.2
testing/10084636266401282188_1120_000_1140_000_0.png,836,632,668,0,51.0
testing/10084636266401282188_1120_000_1140_000_0.png,840,648,668,0,50.5
testing/10084636266401282188_1120_000_1140_000_0.png,832,636,684,1,44.4
testing/10084636266401282188_1120_000_1140_000_0.png,832,660,684,0,44.0
testing/10084636266401282188_1120_000_1140_000_0.png,832,612,620,1,52.3
testing/10084636266401282188_1120_000_1140_000_0.png,828,636,684,1,44.6
testing/10084636266401282188_1120_000_1140_000_0.png,824,640,684,0,44.3
testing/10084636266401282188_1120_000_1140_000_0.png,828,652,684,0,43.8
testing/10084636266401282188_1120_000_1140_000_0.png,828,668,684,0,43.6
testing/10084636266401282188_1120_000_1140_000_0.png,824,652,688,1,43.3
testing/10084636266401282188_1120_000_1140_000_0.png,824,668,688,0,43.0
testing/10084636266401282188_1120_000_1140_000_0.png,820,652,688,1,43.2
testing/10084636266401282188_1120_000_1140_000_0.png,816,612,620,1,52.4
testing/10084636266401282188_1120_000_1140_000_0.png,816,652,688,1,43.1
testing/10084636266401282188_1120_000_1140_000_0.png,812,612,620,1,52.4
testing/10084636266401282188_1120_000_1140_000_0.png,808,652,688,1,43.1
testing/10084636266401282188_1120_000_1140_000_0.png,808,668,688,0,42.8
testing/10084636266401282188_1120_000_1140_000_0.png,804,652,688,1,43.1
testing/10084636266401282188_1120_000_1140_000_0.png,804,668,688,0,42.8
testing/10084636266401282188_1120_000_1140_000_0.png,800,652,688,1,43.0
testing/10084636266401282188_1120_000_1140_000_0.png,796,652,688,1,43.0
testing/10084636266401282188_1120_000_1140_000_0.png,792,652,688,1,43.0
testing/10084636266401282188_1120_000_1140_000_0.png,784,656,688,1,43.0
testing/10084636266401282188_1120_000_1140_000_0.png,780,656,688,1,43.0
testing/10084636266401282188_1120_000_1140_000_0.png,776,656,688,1,43.0
testing/10084636266401282188_1120_000_1140_000_0.png,772,660,696,0,40.1
testing/10084636266401282188_1120_000_1140_000_0.png,768,648,704,1,38.1
testing/10084636266401282188_1120_000_1140_000_0.png,764,644,700,1,39.9
testing/10084636266401282188_1120_000_1140_000_0.png,760,648,704,0,38.0
testing/10084636266401282188_1120_000_1140_000_0.png,768,608,636,1,76.1
testing/10084636266401282188_1120_000_1140_000_0.png,768,612,640,0,73.9
testing/10084636266401282188_1120_000_1140_000_0.png,760,652,704,1,38.5
testing/10084636266401282188_1120_000_1140_000_0.png,756,660,704,0,37.9
testing/10084636266401282188_1120_000_1140_000_0.png,756,684,708,0,37.4
testing/10084636266401282188_1120_000_1140_000_0.png,764,596,640,1,76.1
testing/10084636266401282188_1120_000_1140_000_0.png,764,612,640,0,73.9
testing/10084636266401282188_1120_000_1140_000_0.png,752,640,704,1,38.2
testing/10084636266401282188_1120_000_1140_000_0.png,752,660,708,0,37.6
testing/10084636266401282188_1120_000_1140_000_0.png,752,668,708,0,37.3
testing/10084636266401282188_1120_000_1140_000_0.png,752,692,708,0,36.9
testing/10084636266401282188_1120_000_1140_000_0.png,756,596,640,1,75.9
testing/10084636266401282188_1120_000_1140_000_0.png,760,612,640,0,73.9
testing/10084636266401282188_1120_000_1140_000_0.png,748,632,704,1,38.9
testing/10084636266401282188_1120_000_1140_000_0.png,748,640,704,0,38.3
testing/10084636266401282188_1120_000_1140_000_0.png,752,652,704,0,37.9
testing/10084636266401282188_1120_000_1140_000_0.png,748,660,708,0,37.3
testing/10084636266401282188_1120_000_1140_000_0.png,748,672,708,0,37.0
testing/10084636266401282188_1120_000_1140_000_0.png,752,596,640,1,75.9
testing/10084636266401282188_1120_000_1140_000_0.png,752,612,640,0,73.8
testing/10084636266401282188_1120_000_1140_000_0.png,744,632,704,1,38.6
testing/10084636266401282188_1120_000_1140_000_0.png,740,660,708,0,37.2
testing/10084636266401282188_1120_000_1140_000_0.png,744,680,712,0,36.8
testing/10084636266401282188_1120_000_1140_000_0.png,748,596,640,1,75.9
testing/10084636266401282188_1120_000_1140_000_0.png,748,612,640,0,73.8
testing/10084636266401282188_1120_000_1140_000_0.png,748,620,644,0,69.9
testing/10084636266401282188_1120_000_1140_000_0.png,740,632,704,1,38.6
testing/10084636266401282188_1120_000_1140_000_0.png,740,652,708,0,37.5
testing/10084636266401282188_1120_000_1140_000_0.png,736,660,708,0,37.1
testing/10084636266401282188_1120_000_1140_000_0.png,740,680,712,0,36.8
testing/10084636266401282188_1120_000_1140_000_0.png,732,632,704,1,38.6
testing/10084636266401282188_1120_000_1140_000_0.png,736,652,708,0,37.6
testing/10084636266401282188_1120_000_1140_000_0.png,732,660,708,0,37.1
testing/10084636266401282188_1120_000_1140_000_0.png,736,668,712,0,36.9
testing/10084636266401282188_1120_000_1140_000_0.png,728,624,704,1,38.9
testing/10084636266401282188_1120_000_1140_000_0.png,728,632,704,0,38.6
testing/10084636266401282188_1120_000_1140_000_0.png,732,652,708,0,37.5
testing/10084636266401282188_1120_000_1140_000_0.png,728,660,708,0,37.1
testing/10084636266401282188_1120_000_1140_000_0.png,728,668,712,0,36.8
testing/10084636266401282188_1120_000_1140_000_0.png,728,692,712,0,36.6
testing/10084636266401282188_1120_000_1140_000_0.png,724,632,704,1,38.6
testing/10084636266401282188_1120_000_1140_000_0.png,724,652,708,0,37.5
testing/10084636266401282188_1120_000_1140_000_0.png,724,660,708,0,37.1
testing/10084636266401282188_1120_000_1140_000_0.png,724,668,712,0,36.8
testing/10084636266401282188_1120_000_1140_000_0.png,724,684,712,0,36.6
testing/10084636266401282188_1120_000_1140_000_0.png,720,632,704,1,38.6
testing/10084636266401282188_1120_000_1140_000_0.png,720,656,708,0,37.5
testing/10084636266401282188_1120_000_1140_000_0.png,716,660,708,0,37.2
testing/10084636266401282188_1120_000_1140_000_0.png,720,668,712,0,36.8
testing/10084636266401282188_1120_000_1140_000_0.png,716,684,712,0,36.6
testing/10084636266401282188_1120_000_1140_000_0.png,724,540,564,1,73.1
testing/10084636266401282188_1120_000_1140_000_0.png,716,632,704,1,38.6
testing/10084636266401282188_1120_000_1140_000_0.png,716,656,708,0,37.6
testing/10084636266401282188_1120_000_1140_000_0.png,712,660,708,0,37.2
testing/10084636266401282188_1120_000_1140_000_0.png,716,668,712,0,36.9
testing/10084636266401282188_1120_000_1140_000_0.png,720,540,608,1,73.0
testing/10084636266401282188_1120_000_1140_000_0.png,720,608,612,0,70.3
testing/10084636266401282188_1120_000_1140_000_0.png,708,632,704,1,38.6
testing/10084636266401282188_1120_000_1140_000_0.png,712,656,708,0,37.5
testing/10084636266401282188_1120_000_1140_000_0.png,708,660,712,0,37.2
testing/10084636266401282188_1120_000_1140_000_0.png,708,668,712,0,36.9
testing/10084636266401282188_1120_000_1140_000_0.png,712,684,712,0,36.6
testing/10084636266401282188_1120_000_1140_000_0.png,716,540,596,1,73.1
testing/10084636266401282188_1120_000_1140_000_0.png,704,632,704,1,38.7
testing/10084636266401282188_1120_000_1140_000_0.png,708,656,708,0,37.6
testing/10084636266401282188_1120_000_1140_000_0.png,704,660,712,0,37.2
testing/10084636266401282188_1120_000_1140_000_0.png,704,668,712,0,36.9
testing/10084636266401282188_1120_000_1140_000_0.png,704,684,712,0,36.6
testing/10084636266401282188_1120_000_1140_000_0.png,708,548,604,1,73.3
testing/10084636266401282188_1120_000_1140_000_0.png,700,632,704,1,38.7
testing/10084636266401282188_1120_000_1140_000_0.png,700,656,708,0,37.5
testing/10084636266401282188_1120_000_1140_000_0.png,696,660,712,0,37.2
testing/10084636266401282188_1120_000_1140_000_0.png,700,668,712,0,36.9
testing/10084636266401282188_1120_000_1140_000_0.png,696,684,712,0,36.6
testing/10084636266401282188_1120_000_1140_000_0.png,704,612,620,1,59.5
testing/10084636266401282188_1120_000_1140_000_0.png,704,568,608,1,73.8
testing/10084636266401282188_1120_000_1140_000_0.png,696,632,704,1,38.7
testing/10084636266401282188_1120_000_1140_000_0.png,696,656,708,0,37.5
testing/10084636266401282188_1120_000_1140_000_0.png,692,660,712,0,37.3
testing/10084636266401282188_1120_000_1140_000_0.png,696,668,712,0,36.9
testing/10084636266401282188_1120_000_1140_000_0.png,692,684,712,0,36.6
testing/10084636266401282188_1120_000_1140_000_0.png,700,584,608,1,74.1
testing/10084636266401282188_1120_000_1140_000_0.png,688,632,704,1,38.8
testing/10084636266401282188_1120_000_1140_000_0.png,688,660,712,0,37.3
testing/10084636266401282188_1120_000_1140_000_0.png,688,668,712,0,37.0
testing/10084636266401282188_1120_000_1140_000_0.png,688,684,712,0,36.7
testing/10084636266401282188_1120_000_1140_000_0.png,684,632,704,1,38.8
testing/10084636266401282188_1120_000_1140_000_0.png,684,660,712,0,37.4
testing/10084636266401282188_1120_000_1140_000_0.png,684,668,712,0,37.0
testing/10084636266401282188_1120_000_1140_000_0.png,684,684,712,0,36.7
testing/10084636266401282188_1120_000_1140_000_0.png,680,636,704,1,38.7
testing/10084636266401282188_1120_000_1140_000_0.png,676,660,712,0,37.4
testing/10084636266401282188_1120_000_1140_000_0.png,680,668,712,0,37.0
testing/10084636266401282188_1120_000_1140_000_0.png,680,672,712,0,36.8
testing/10084636266401282188_1120_000_1140_000_0.png,676,636,708,1,38.6
testing/10084636266401282188_1120_000_1140_000_0.png,672,648,708,0,38.4
testing/10084636266401282188_1120_000_1140_000_0.png,672,660,712,0,37.5
testing/10084636266401282188_1120_000_1140_000_0.png,676,668,712,0,37.1
testing/10084636266401282188_1120_000_1140_000_0.png,676,680,712,0,36.9
testing/10084636266401282188_1120_000_1140_000_0.png,668,656,708,1,38.1
testing/10084636266401282188_1120_000_1140_000_0.png,668,660,712,0,37.6
testing/10084636266401282188_1120_000_1140_000_0.png,672,668,712,0,37.1
testing/10084636266401282188_1120_000_1140_000_0.png,668,684,712,0,36.8
testing/10084636266401282188_1120_000_1140_000_0.png,664,660,712,1,37.7
testing/10084636266401282188_1120_000_1140_000_0.png,664,668,712,0,37.3
testing/10084636266401282188_1120_000_1140_000_0.png,664,680,712,0,37.0
testing/10084636266401282188_1120_000_1140_000_0.png,660,648,708,1,38.3
testing/10084636266401282188_1120_000_1140_000_0.png,660,668,712,0,37.4
testing/10084636266401282188_1120_000_1140_000_0.png,660,680,712,0,37.2
testing/10084636266401282188_1120_000_1140_000_0.png,664,612,664,1,57.2
testing/10084636266401282188_1120_000_1140_000_0.png,664,640,672,0,53.1
testing/10084636266401282188_1120_000_1140_000_0.png,656,656,708,1,38.3
testing/10084636266401282188_1120_000_1140_000_0.png,652,672,712,0,37.4
testing/10084636266401282188_1120_000_1140_000_0.png,656,644,676,1,51.0
testing/10084636266401282188_1120_000_1140_000_0.png,652,664,676,0,50.2
testing/10084636266401282188_1120_000_1140_000_0.png,648,632,672,1,51.7
testing/10084636266401282188_1120_000_1140_000_0.png,648,648,676,0,50.4
testing/10084636266401282188_1120_000_1140_000_0.png,644,664,680,0,48.3
testing/10084636266401282188_1120_000_1140_000_0.png,640,668,684,0,47.5
testing/10084636266401282188_1120_000_1140_000_0.png,648,620,624,1,57.1
testing/10084636266401282188_1120_000_1140_000_0.png,648,540,608,1,67.4
testing/10084636266401282188_1120_000_1140_000_0.png,648,608,612,0,64.8
testing/10084636266401282188_1120_000_1140_000_0.png,632,664,684,1,46.4
testing/10084636266401282188_1120_000_1140_000_0.png,640,540,572,1,67.5
testing/10084636266401282188_1120_000_1140_000_0.png,632,636,684,1,46.3
testing/10084636266401282188_1120_000_1140_000_0.png,628,664,688,0,46.0
testing/10084636266401282188_1120_000_1140_000_0.png,628,676,688,0,45.4
testing/10084636266401282188_1120_000_1140_000_0.png,636,552,572,1,67.5
testing/10084636266401282188_1120_000_1140_000_0.png,624,636,688,1,46.3
testing/10084636266401282188_1120_000_1140_000_0.png,624,664,688,0,45.0
testing/10084636266401282188_1120_000_1140_000_0.png,632,552,572,1,67.5
testing/10084636266401282188_1120_000_1140_000_0.png,624,656,688,1,45.2
testing/10084636266401282188_1120_000_1140_000_0.png,624,560,564,1,57.0
testing/10084636266401282188_1120_000_1140_000_0.png,624,552,572,1,67.5
testing/10084636266401282188_1120_000_1140_000_0.png,616,648,688,1,45.2
testing/10084636266401282188_1120_000_1140_000_0.png,616,680,688,0,45.0
testing/10084636266401282188_1120_000_1140_000_0.png,620,548,572,1,56.9
testing/10084636266401282188_1120_000_1140_000_0.png,612,648,688,1,45.1
testing/10084636266401282188_1120_000_1140_000_0.png,612,668,692,0,44.9
testing/10084636266401282188_1120_000_1140_000_0.png,616,540,620,1,56.9
testing/10084636266401282188_1120_000_1140_000_0.png,608,656,688,1,45.1
testing/10084636266401282188_1120_000_1140_000_0.png,604,668,692,0,44.8
testing/10084636266401282188_1120_000_1140_000_0.png,612,540,620,1,56.6
testing/10084636266401282188_1120_000_1140_000_0.png,600,664,692,1,44.7
testing/10084636266401282188_1120_000_1140_000_0.png,608,540,620,1,56.7
testing/10084636266401282188_1120_000_1140_000_0.png,604,564,620,0,56.4
testing/10084636266401282188_1120_000_1140_000_0.png,592,664,692,1,44.8
testing/10084636266401282188_1120_000_1140_000_0.png,600,540,612,1,56.7
testing/10084636266401282188_1120_000_1140_000_0.png,600,564,612,0,56.4
testing/10084636266401282188_1120_000_1140_000_0.png,600,572,612,0,56.2
testing/10084636266401282188_1120_000_1140_000_0.png,600,584,612,0,55.9
testing/10084636266401282188_1120_000_1140_000_0.png,600,608,644,1,75.0
testing/10084636266401282188_1120_000_1140_000_0.png,592,656,692,1,44.8
testing/10084636266401282188_1120_000_1140_000_0.png,596,540,620,1,56.7
testing/10084636266401282188_1120_000_1140_000_0.png,596,548,620,0,56.3
testing/10084636266401282188_1120_000_1140_000_0.png,596,584,620,0,56.0
testing/10084636266401282188_1120_000_1140_000_0.png,584,664,692,1,44.9
testing/10084636266401282188_1120_000_1140_000_0.png,592,540,608,1,56.3
testing/10084636266401282188_1120_000_1140_000_0.png,592,560,608,0,56.0
testing/10084636266401282188_1120_000_1140_000_0.png,592,584,608,0,55.7
testing/10084636266401282188_1120_000_1140_000_0.png,588,616,660,1,62.4
testing/10084636266401282188_1120_000_1140_000_0.png,588,548,604,1,70.1
testing/10084636266401282188_1120_000_1140_000_0.png,576,664,692,1,44.9
testing/10084636266401282188_1120_000_1140_000_0.png,584,540,592,1,56.2
testing/10084636266401282188_1120_000_1140_000_0.png,588,584,592,0,55.8
testing/10084636266401282188_1120_000_1140_000_0.png,584,620,660,1,62.4
testing/10084636266401282188_1120_000_1140_000_0.png,584,548,616,1,69.9
testing/10084636266401282188_1120_000_1140_000_0.png,572,664,692,1,44.9
testing/10084636266401282188_1120_000_1140_000_0.png,580,540,596,1,55.6
testing/10084636266401282188_1120_000_1140_000_0.png,580,552,652,1,69.9
testing/10084636266401282188_1120_000_1140_000_0.png,568,664,692,1,45.0
testing/10084636266401282188_1120_000_1140_000_0.png,576,540,592,1,56.7
testing/10084636266401282188_1120_000_1140_000_0.png,572,564,592,0,56.4
testing/10084636266401282188_1120_000_1140_000_0.png,576,584,588,0,55.4
testing/10084636266401282188_1120_000_1140_000_0.png,576,548,652,1,69.7
testing/10084636266401282188_1120_000_1140_000_0.png,576,560,652,0,69.3
testing/10084636266401282188_1120_000_1140_000_0.png,572,616,652,0,67.9
testing/10084636266401282188_1120_000_1140_000_0.png,564,664,692,1,44.9
testing/10084636266401282188_1120_000_1140_000_0.png,568,564,596,1,56.6
testing/10084636266401282188_1120_000_1140_000_0.png,572,540,656,1,66.5
testing/10084636266401282188_1120_000_1140_000_0.png,560,664,692,1,45.1
testing/10084636266401282188_1120_000_1140_000_0.png,564,564,596,1,56.6
testing/10084636266401282188_1120_000_1140_000_0.png,564,584,596,0,56.2
testing/10084636266401282188_1120_000_1140_000_0.png,564,540,656,1,66.4
testing/10084636266401282188_1120_000_1140_000_0.png,552,664,692,1,45.3
testing/10084636266401282188_1120_000_1140_000_0.png,556,676,692,0,45.1
testing/10084636266401282188_1120_000_1140_000_0.png,556,632,680,1,49.8
testing/10084636266401282188_1120_000_1140_000_0.png,560,564,584,1,56.6
testing/10084636266401282188_1120_000_1140_000_0.png,560,584,588,0,55.9
testing/10084636266401282188_1120_000_1140_000_0.png,556,540,656,1,66.5
testing/10084636266401282188_1120_000_1140_000_0.png,552,568,660,0,62.0
testing/10084636266401282188_1120_000_1140_000_0.png,548,652,688,1,46.5
testing/10084636266401282188_1120_000_1140_000_0.png,544,668,692,0,45.4
testing/10084636266401282188_1120_000_1140_000_0.png,548,628,672,1,53.9
testing/10084636266401282188_1120_000_1140_000_0.png,552,540,660,1,61.9
testing/10084636266401282188_1120_000_1140_000_0.png,544,540,664,0,61.2
testing/10084636266401282188_1120_000_1140_000_0.png,544,552,664,0,60.9
testing/10084636266401282188_1120_000_1140_000_0.png,544,564,664,0,60.7
testing/10084636266401282188_1120_000_1140_000_0.png,540,616,672,1,54.0
testing/10084636266401282188_1120_000_1140_000_0.png,540,640,676,0,53.7
testing/10084636266401282188_1120_000_1140_000_0.png,540,548,608,1,60.2
testing/10084636266401282188_1120_000_1140_000_0.png,528,564,688,1,47.9
testing/10084636266401282188_1120_000_1140_000_0.png,532,616,676,1,54.0
testing/10084636266401282188_1120_000_1140_000_0.png,532,664,676,0,53.7
testing/10084636266401282188_1120_000_1140_000_0.png,536,552,620,1,60.0
testing/10084636266401282188_1120_000_1140_000_0.png,524,548,560,1,57.6
testing/10084636266401282188_1120_000_1140_000_0.png,524,560,564,0,57.3
testing/10084636266401282188_1120_000_1140_000_0.png,520,576,584,1,47.9
testing/10084636266401282188_1120_000_1140_000_0.png,520,540,668,1,57.6
testing/10084636266401282188_1120_000_1140_000_0.png,516,548,668,0,57.0
testing/10084636266401282188_1120_000_1140_000_0.png,520,560,672,0,56.7
testing/10084636266401282188_1120_000_1140_000_0.png,516,564,672,0,56.5
testing/10084636266401282188_1120_000_1140_000_0.png,508,540,544,1,43.3
testing/10084636266401282188_1120_000_1140_000_0.png,516,540,672,1,57.1
testing/10084636266401282188_1120_000_1140_000_0.png,512,548,672,0,56.5
testing/10084636266401282188_1120_000_1140_000_0.png,512,564,672,0,55.9
testing/10084636266401282188_1120_000_1140_000_0.png,504,540,560,1,43.2
testing/10084636266401282188_1120_000_1140_000_0.png,512,552,672,1,55.9
testing/10084636266401282188_1120_000_1140_000_0.png,508,560,672,0,55.6
testing/10084636266401282188_1120_000_1140_000_0.png,508,564,672,0,55.3
testing/10084636266401282188_1120_000_1140_000_0.png,500,540,572,1,43.1
testing/10084636266401282188_1120_000_1140_000_0.png,500,552,572,0,42.9
testing/10084636266401282188_1120_000_1140_000_0.png,504,564,676,1,54.8
testing/10084636266401282188_1120_000_1140_000_0.png,492,540,572,1,42.5
testing/10084636266401282188_1120_000_1140_000_0.png,500,584,668,1,59.4
testing/10084636266401282188_1120_000_1140_000_0.png,500,604,668,0,59.0
testing/10084636266401282188_1120_000_1140_000_0.png,488,540,704,1,42.4
testing/10084636266401282188_1120_000_1140_000_0.png,496,576,676,1,54.0
testing/10084636266401282188_1120_000_1140_000_0.png,484,540,704,1,42.3
testing/10084636266401282188_1120_000_1140_000_0.png,492,652,668,1,57.9
testing/10084636266401282188_1120_000_1140_000_0.png,480,540,704,1,42.3
testing/10084636266401282188_1120_000_1140_000_0.png,472,540,704,1,42.4
testing/10084636266401282188_1120_000_1140_000_0.png,468,544,704,1,42.3
testing/10084636266401282188_1120_000_1140_000_0.png,464,576,704,1,42.5
testing/10084636266401282188_1120_000_1140_000_0.png,460,596,704,1,42.6
testing/10084636266401282188_1120_000_1140_000_0.png,464,540,572,1,52.2
testing/10084636266401282188_1120_000_1140_000_0.png,456,652,704,1,42.4
testing/10084636266401282188_1120_000_1140_000_0.png,460,540,616,1,52.2
testing/10084636266401282188_1120_000_1140_000_0.png,452,540,680,1,52.2
testing/10084636266401282188_1120_000_1140_000_0.png,448,540,680,1,52.3
testing/10084636266401282188_1120_000_1140_000_0.png,444,540,680,1,52.3
testing/10084636266401282188_1120_000_1140_000_0.png,428,664,716,1,39.1
testing/10084636266401282188_1120_000_1140_000_0.png,436,540,680,1,52.3
testing/10084636266401282188_1120_000_1140_000_0.png,424,664,716,1,39.0
testing/10084636266401282188_1120_000_1140_000_0.png,432,540,680,1,52.4
testing/10084636266401282188_1120_000_1140_000_0.png,428,596,684,0,52.0
testing/10084636266401282188_1120_000_1140_000_0.png,420,664,716,1,39.3
testing/10084636266401282188_1120_000_1140_000_0.png,424,684,716,0,38.9
testing/10084636266401282188_1120_000_1140_000_0.png,428,540,684,1,52.1
testing/10084636266401282188_1120_000_1140_000_0.png,420,656,716,1,39.0
testing/10084636266401282188_1120_000_1140_000_0.png,420,540,684,1,50.6
testing/10084636266401282188_1120_000_1140_000_0.png,412,656,716,1,39.0
testing/10084636266401282188_1120_000_1140_000_0.png,416,540,684,1,50.7
testing/10084636266401282188_1120_000_1140_000_0.png,408,664,716,1,39.0
testing/10084636266401282188_1120_000_1140_000_0.png,412,540,684,1,50.7
testing/10084636266401282188_1120_000_1140_000_0.png,408,564,688,0,50.4
testing/10084636266401282188_1120_000_1140_000_0.png,400,664,716,1,39.1
testing/10084636266401282188_1120_000_1140_000_0.png,408,540,688,1,50.7
testing/10084636266401282188_1120_000_1140_000_0.png,404,564,688,0,50.1
testing/10084636266401282188_1120_000_1140_000_0.png,392,544,728,1,36.8
testing/10084636266401282188_1120_000_1140_000_0.png,396,564,584,1,45.2
testing/10084636266401282188_1120_000_1140_000_0.png,400,540,688,1,50.6
testing/10084636266401282188_1120_000_1140_000_0.png,400,592,688,0,50.0
testing/10084636266401282188_1120_000_1140_000_0.png,400,596,688,0,49.8
testing/10084636266401282188_1120_000_1140_000_0.png,400,620,688,0,49.5
testing/10084636266401282188_1120_000_1140_000_0.png,392,540,728,1,36.8
testing/10084636266401282188_1120_000_1140_000_0.png,396,560,584,1,45.3
testing/10084636266401282188_1120_000_1140_000_0.png,396,576,584,0,44.8
testing/10084636266401282188_1120_000_1140_000_0.png,396,540,640,1,50.4
testing/10084636266401282188_1120_000_1140_000_0.png,396,592,640,0,49.4
testing/10084636266401282188_1120_000_1140_000_0.png,384,540,728,1,36.8
testing/10084636266401282188_1120_000_1140_000_0.png,380,540,728,1,36.8
testing/10084636266401282188_1120_000_1140_000_0.png,376,540,728,1,36.9
testing/10084636266401282188_1120_000_1140_000_0.png,376,704,728,0,36.4
testing/10084636266401282188_1120_000_1140_000_0.png,368,540,728,1,36.9
testing/10084636266401282188_1120_000_1140_000_0.png,368,696,732,0,35.5
testing/10084636266401282188_1120_000_1140_000_0.png,372,644,688,1,50.9
testing/10084636266401282188_1120_000_1140_000_0.png,372,664,692,0,49.1
testing/10084636266401282188_1120_000_1140_000_0.png,332,540,728,1,37.3
testing/10084636266401282188_1120_000_1140_000_0.png,364,540,728,0,37.1
testing/10084636266401282188_1120_000_1140_000_0.png,324,644,744,0,33.8
testing/10084636266401282188_1120_000_1140_000_0.png,340,696,744,0,33.4
testing/10084636266401282188_1120_000_1140_000_0.png,332,544,712,1,42.3
testing/10084636266401282188_1120_000_1140_000_0.png,332,552,712,0,42.0
testing/10084636266401282188_1120_000_1140_000_0.png,332,560,712,0,41.6
testing/10084636266401282188_1120_000_1140_000_0.png,332,564,716,0,41.1
testing/10084636266401282188_1120_000_1140_000_0.png,328,572,716,0,40.7
testing/10084636266401282188_1120_000_1140_000_0.png,320,628,744,1,33.8
testing/10084636266401282188_1120_000_1140_000_0.png,320,676,744,0,33.5
testing/10084636266401282188_1120_000_1140_000_0.png,328,540,628,1,42.5
testing/10084636266401282188_1120_000_1140_000_0.png,324,544,628,0,42.0
testing/10084636266401282188_1120_000_1140_000_0.png,328,552,628,0,41.7
testing/10084636266401282188_1120_000_1140_000_0.png,324,560,628,0,41.2
testing/10084636266401282188_1120_000_1140_000_0.png,324,564,628,0,40.7
testing/10084636266401282188_1120_000_1140_000_0.png,324,572,628,0,40.4
testing/10084636266401282188_1120_000_1140_000_0.png,316,620,744,1,33.9
testing/10084636266401282188_1120_000_1140_000_0.png,316,632,744,0,33.6
testing/10084636266401282188_1120_000_1140_000_0.png,320,540,620,1,42.2
testing/10084636266401282188_1120_000_1140_000_0.png,320,544,620,0,41.7
testing/10084636266401282188_1120_000_1140_000_0.png,324,552,620,0,41.5
testing/10084636266401282188_1120_000_1140_000_0.png,320,560,620,0,41.0
testing/10084636266401282188_1120_000_1140_000_0.png,320,572,620,0,40.1
testing/10084636266401282188_1120_000_1140_000_0.png,312,628,744,1,33.7
testing/10084636266401282188_1120_000_1140_000_0.png,316,540,616,1,41.9
testing/10084636266401282188_1120_000_1140_000_0.png,316,544,616,0,41.5
testing/10084636266401282188_1120_000_1140_000_0.png,316,552,616,0,41.1
testing/10084636266401282188_1120_000_1140_000_0.png,316,560,616,0,40.7
testing/10084636266401282188_1120_000_1140_000_0.png,320,564,616,0,40.4
testing/10084636266401282188_1120_000_1140_000_0.png,316,572,616,0,39.8
testing/10084636266401282188_1120_000_1140_000_0.png,304,628,744,1,33.7
testing/10084636266401282188_1120_000_1140_000_0.png,312,540,620,1,41.6
testing/10084636266401282188_1120_000_1140_000_0.png,308,544,620,0,41.0
testing/10084636266401282188_1120_000_1140_000_0.png,312,552,620,0,40.8
testing/10084636266401282188_1120_000_1140_000_0.png,312,560,620,0,40.3
testing/10084636266401282188_1120_000_1140_000_0.png,308,564,620,0,39.8
testing/10084636266401282188_1120_000_1140_000_0.png,312,576,620,0,39.5
testing/10084636266401282188_1120_000_1140_000_0.png,300,628,744,1,33.7
testing/10084636266401282188_1120_000_1140_000_0.png,308,540,620,1,41.3
testing/10084636266401282188_1120_000_1140_000_0.png,304,544,620,0,40.8
testing/10084636266401282188_1120_000_1140_000_0.png,308,552,620,0,40.5
testing/10084636266401282188_1120_000_1140_000_0.png,304,560,620,0,40.1
testing/10084636266401282188_1120_000_1140_000_0.png,304,564,620,0,39.6
testing/10084636266401282188_1120_000_1140_000_0.png,304,572,620,0,39.3
testing/10084636266401282188_1120_000_1140_000_0.png,296,628,744,1,33.8
testing/10084636266401282188_1120_000_1140_000_0.png,300,540,620,1,40.9
testing/10084636266401282188_1120_000_1140_000_0.png,300,544,620,0,40.5
testing/10084636266401282188_1120_000_1140_000_0.png,300,552,620,0,40.2
testing/10084636266401282188_1120_000_1140_000_0.png,300,560,620,0,39.8
testing/10084636266401282188_1120_000_1140_000_0.png,296,564,620,0,39.3
testing/10084636266401282188_1120_000_1140_000_0.png,300,576,620,0,39.1
testing/10084636266401282188_1120_000_1140_000_0.png,300,588,620,0,38.8
testing/10084636266401282188_1120_000_1140_000_0.png,296,540,716,1,40.6
testing/10084636266401282188_1120_000_1140_000_0.png,292,544,720,0,40.2
testing/10084636266401282188_1120_000_1140_000_0.png,296,552,720,0,39.8
testing/10084636266401282188_1120_000_1140_000_0.png,296,560,720,0,39.5
testing/10084636266401282188_1120_000_1140_000_0.png,292,564,724,0,39.1
testing/10084636266401282188_1120_000_1140_000_0.png,292,572,724,0,38.8
testing/10084636266401282188_1120_000_1140_000_0.png,288,540,720,1,40.3
testing/10084636266401282188_1120_000_1140_000_0.png,284,540,720,0,40.0
testing/10084636266401282188_1120_000_1140_000_0.png,280,540,720,0,39.8
testing/10084636266401282188_1120_000_1140_000_0.png,272,540,724,0,39.5
testing/10084636266401282188_1120_000_1140_000_0.png,268,540,724,0,39.2
testing/10084636266401282188_1120_000_1140_000_0.png,268,544,724,0,38.9
testing/10084636266401282188_1120_000_1140_000_0.png,272,560,724,0,38.6
testing/10084636266401282188_1120_000_1140_000_0.png,268,560,728,0,38.3
testing/10084636266401282188_1120_000_1140_000_0.png,272,564,728,0,38.0
testing/10084636266401282188_1120_000_1140_000_0.png,264,564,728,0,37.8
testing/10084636266401282188_1120_000_1140_000_0.png,268,572,728,0,37.5
testing/10084636266401282188_1120_000_1140_000_0.png,268,588,732,0,37.3
testing/10084636266401282188_1120_000_1140_000_0.png,264,540,724,1,39.0
testing/10084636266401282188_1120_000_1140_000_0.png,260,544,724,0,38.7
testing/10084636266401282188_1120_000_1140_000_0.png,264,552,728,0,38.4
testing/10084636266401282188_1120_000_1140_000_0.png,264,560,728,0,38.0
testing/10084636266401282188_1120_000_1140_000_0.png,260,564,728,0,37.6
testing/10084636266401282188_1120_000_1140_000_0.png,260,572,732,0,37.3
testing/10084636266401282188_1120_000_1140_000_0.png,260,588,732,0,37.0
testing/10084636266401282188_1120_000_1140_000_0.png,256,540,724,1,38.8
testing/10084636266401282188_1120_000_1140_000_0.png,256,544,728,0,38.4
testing/10084636266401282188_1120_000_1140_000_0.png,260,552,728,0,38.1
testing/10084636266401282188_1120_000_1140_000_0.png,256,556,728,0,37.8
testing/10084636266401282188_1120_000_1140_000_0.png,252,564,732,0,37.3
testing/10084636266401282188_1120_000_1140_000_0.png,260,576,732,0,37.0
testing/10084636266401282188_1120_000_1140_000_0.png,252,540,728,1,38.5
testing/10084636266401282188_1120_000_1140_000_0.png,252,544,728,0,38.1
testing/10084636266401282188_1120_000_1140_000_0.png,252,552,728,0,37.8
testing/10084636266401282188_1120_000_1140_000_0.png,252,556,732,0,37.5
testing/10084636266401282188_1120_000_1140_000_0.png,248,564,732,0,37.1
testing/10084636266401282188_1120_000_1140_000_0.png,248,572,732,0,36.8
testing/10084636266401282188_1120_000_1140_000_0.png,252,584,736,0,36.6
testing/10084636266401282188_1120_000_1140_000_0.png,248,536,728,1,38.2
testing/10084636266401282188_1120_000_1140_000_0.png,244,544,728,0,37.9
testing/10084636266401282188_1120_000_1140_000_0.png,248,552,732,0,37.6
testing/10084636266401282188_1120_000_1140_000_0.png,244,556,732,0,37.2
testing/10084636266401282188_1120_000_1140_000_0.png,244,564,732,0,36.8
testing/10084636266401282188_1120_000_1140_000_0.png,244,572,736,0,36.6
testing/10084636266401282188_1120_000_1140_000_0.png,240,536,728,1,38.0
testing/10084636266401282188_1120_000_1140_000_0.png,240,544,732,0,37.6
testing/10084636266401282188_1120_000_1140_000_0.png,240,556,732,0,37.0
testing/10084636266401282188_1120_000_1140_000_0.png,236,564,736,0,36.6
testing/10084636266401282188_1120_000_1140_000_0.png,244,576,736,0,36.3
testing/10084636266401282188_1120_000_1140_000_0.png,236,536,732,1,37.7
testing/10084636266401282188_1120_000_1140_000_0.png,232,544,732,0,37.3
testing/10084636266401282188_1120_000_1140_000_0.png,236,552,732,0,37.1
testing/10084636266401282188_1120_000_1140_000_0.png,236,556,736,0,36.9
testing/10084636266401282188_1120_000_1140_000_0.png,232,572,736,0,36.2
testing/10084636266401282188_1120_000_1140_000_0.png,236,584,736,0,35.9
testing/10084636266401282188_1120_000_1140_000_0.png,232,536,732,1,37.5
testing/10084636266401282188_1120_000_1140_000_0.png,228,544,732,0,37.1
testing/10084636266401282188_1120_000_1140_000_0.png,232,552,736,0,36.9
testing/10084636266401282188_1120_000_1140_000_0.png,228,556,736,0,36.6
testing/10084636266401282188_1120_000_1140_000_0.png,232,564,736,0,36.4
testing/10084636266401282188_1120_000_1140_000_0.png,228,572,740,0,35.9
testing/10084636266401282188_1120_000_1140_000_0.png,228,596,740,0,35.6
testing/10084636266401282188_1120_000_1140_000_0.png,224,536,732,1,37.2
testing/10084636266401282188_1120_000_1140_000_0.png,224,544,736,0,36.9
testing/10084636266401282188_1120_000_1140_000_0.png,224,552,736,0,36.7
testing/10084636266401282188_1120_000_1140_000_0.png,224,556,736,0,36.3
testing/10084636266401282188_1120_000_1140_000_0.png,224,564,740,0,36.0
testing/10084636266401282188_1120_000_1140_000_0.png,224,568,740,0,35.7
testing/10084636266401282188_1120_000_1140_000_0.png,224,584,740,0,35.5
testing/10084636266401282188_1120_000_1140_000_0.png,220,536,736,1,37.1
testing/10084636266401282188_1120_000_1140_000_0.png,220,544,736,0,36.7
testing/10084636266401282188_1120_000_1140_000_0.png,220,556,740,0,36.1
testing/10084636266401282188_1120_000_1140_000_0.png,216,564,740,0,35.8
testing/10084636266401282188_1120_000_1140_000_0.png,216,568,740,0,35.5
testing/10084636266401282188_1120_000_1140_000_0.png,220,584,740,0,35.3
testing/10084636266401282188_1120_000_1140_000_0.png,212,536,736,1,36.8
testing/10084636266401282188_1120_000_1140_000_0.png,212,544,736,0,36.4
testing/10084636266401282188_1120_000_1140_000_0.png,216,552,740,0,36.2
testing/10084636266401282188_1120_000_1140_000_0.png,212,556,740,0,35.9
testing/10084636266401282188_1120_000_1140_000_0.png,212,564,740,0,35.5
testing/10084636266401282188_1120_000_1140_000_0.png,216,576,744,0,35.2
testing/10084636266401282188_1120_000_1140_000_0.png,212,596,744,0,34.9
testing/10084636266401282188_1120_000_1140_000_0.png,208,536,736,1,36.6
testing/10084636266401282188_1120_000_1140_000_0.png,208,544,740,0,36.2
testing/10084636266401282188_1120_000_1140_000_0.png,208,552,740,0,36.0
testing/10084636266401282188_1120_000_1140_000_0.png,208,556,740,0,35.7
testing/10084636266401282188_1120_000_1140_000_0.png,208,564,744,0,35.3
testing/10084636266401282188_1120_000_1140_000_0.png,208,568,744,0,35.1
testing/10084636266401282188_1120_000_1140_000_0.png,208,588,744,0,34.9
testing/10084636266401282188_1120_000_1140_000_0.png,204,536,740,1,36.4
testing/10084636266401282188_1120_000_1140_000_0.png,200,544,740,0,36.0
testing/10084636266401282188_1120_000_1140_000_0.png,204,552,740,0,35.8
testing/10084636266401282188_1120_000_1140_000_0.png,200,556,744,0,35.4
testing/10084636266401282188_1120_000_1140_000_0.png,200,564,744,0,35.1
testing/10084636266401282188_1120_000_1140_000_0.png,204,584,744,0,34.6
testing/10084636266401282188_1120_000_1140_000_0.png,196,536,740,1,36.1
testing/10084636266401282188_1120_000_1140_000_0.png,196,544,740,0,35.8
testing/10084636266401282188_1120_000_1140_000_0.png,196,556,744,0,35.2
testing/10084636266401282188_1120_000_1140_000_0.png,196,564,744,0,34.9
testing/10084636266401282188_1120_000_1140_000_0.png,200,576,748,0,34.6
testing/10084636266401282188_1120_000_1140_000_0.png,196,596,748,0,34.3
testing/10084636266401282188_1120_000_1140_000_0.png,192,536,740,1,35.9
testing/10084636266401282188_1120_000_1140_000_0.png,192,544,744,0,35.6
testing/10084636266401282188_1120_000_1140_000_0.png,192,552,744,0,35.3
testing/10084636266401282188_1120_000_1140_000_0.png,192,556,744,0,35.1
testing/10084636266401282188_1120_000_1140_000_0.png,188,564,748,0,34.7
testing/10084636266401282188_1120_000_1140_000_0.png,192,584,748,0,34.2
testing/10084636266401282188_1120_000_1140_000_0.png,188,536,740,1,35.7
testing/10084636266401282188_1120_000_1140_000_0.png,184,544,744,0,35.4
testing/10084636266401282188_1120_000_1140_000_0.png,188,552,744,0,35.1
testing/10084636266401282188_1120_000_1140_000_0.png,184,556,744,0,34.9
testing/10084636266401282188_1120_000_1140_000_0.png,184,564,748,0,34.4
testing/10084636266401282188_1120_000_1140_000_0.png,188,576,748,0,34.2
testing/10084636266401282188_1120_000_1140_000_0.png,180,536,744,1,35.5
testing/10084636266401282188_1120_000_1140_000_0.png,180,544,744,0,35.1
testing/10084636266401282188_1120_000_1140_000_0.png,180,556,748,0,34.6
testing/10084636266401282188_1120_000_1140_000_0.png,180,564,748,0,34.3
testing/10084636266401282188_1120_000_1140_000_0.png,176,536,744,1,35.3
testing/10084636266401282188_1120_000_1140_000_0.png,176,544,744,0,35.0
testing/10084636266401282188_1120_000_1140_000_0.png,176,552,748,0,34.7
testing/10084636266401282188_1120_000_1140_000_0.png,176,556,748,0,34.4
testing/10084636266401282188_1120_000_1140_000_0.png,168,536,744,1,35.0
testing/10084636266401282188_1120_000_1140_000_0.png,168,544,748,0,34.8
testing/10084636266401282188_1120_000_1140_000_0.png,172,552,748,0,34.5
testing/10084636266401282188_1120_000_1140_000_0.png,164,536,748,1,34.9
testing/10084636266401282188_1120_000_1140_000_0.png,164,544,748,0,34.5
testing/10084636266401282188_1120_000_1140_000_0.png,160,536,748,1,34.6
testing/10084636266401282188_1120_000_1140_000_0.png,152,536,748,1,34.4
testing/10084636266401282188_1120_000_1140_000_0.png,148,536,740,1,36.7
testing/10084636266401282188_1120_000_1140_000_0.png,148,552,744,0,35.9
testing/10084636266401282188_1120_000_1140_000_0.png,148,556,748,0,35.0
testing/10084636266401282188_1120_000_1140_000_0.png,144,564,748,0,34.6
testing/10084636266401282188_1120_000_1140_000_0.png,144,536,740,1,36.4
testing/10084636266401282188_1120_000_1140_000_0.png,144,552,744,0,35.7
testing/10084636266401282188_1120_000_1140_000_0.png,140,556,748,0,34.9
testing/10084636266401282188_1120_000_1140_000_0.png,140,564,748,0,34.6
testing/10084636266401282188_1120_000_1140_000_0.png,136,536,748,1,35.3
testing/10084636266401282188_1120_000_1140_000_0.png,136,564,748,0,34.6
testing/10084636266401282188_1120_000_1140_000_0.png,132,536,748,1,35.3
testing/10084636266401282188_1120_000_1140_000_0.png,128,564,748,0,34.6
testing/10084636266401282188_1120_000_1140_000_0.png,124,536,748,1,35.2
testing/10084636266401282188_1120_000_1140_000_0.png,124,564,748,0,34.7
testing/10084636266401282188_1120_000_1140_000_0.png,120,536,748,1,34.9
testing/10084636266401282188_1120_000_1140_000_0.png,116,536,752,1,34.8
testing/10084636266401282188_1120_000_1140_000_0.png,108,536,752,1,34.8
testing/10084636266401282188_1120_000_1140_000_0.png,104,564,752,0,34.5
testing/10084636266401282188_1120_000_1140_000_0.png,104,536,752,1,34.6
testing/10084636266401282188_1120_000_1140_000_0.png,96,580,768,0,31.6
testing/10084636266401282188_1120_000_1140_000_0.png,100,536,752,1,34.6
testing/10084636266401282188_1120_000_1140_000_0.png,92,580,768,0,31.6
testing/10084636266401282188_1120_000_1140_000_0.png,92,536,752,1,34.9
testing/10084636266401282188_1120_000_1140_000_0.png,88,536,768,0,31.8
testing/10084636266401282188_1120_000_1140_000_0.png,84,588,768,0,31.6
testing/10084636266401282188_1120_000_1140_000_0.png,76,536,768,1,31.9
testing/10084636266401282188_1120_000_1140_000_0.png,56,544,772,0,31.6
testing/10084636266401282188_1120_000_1140_000_0.png,52,680,784,0,29.4
testing/10084636266401282188_1120_000_1140_000_0.png,52,536,772,1,31.6
testing/10084636266401282188_1120_000_1140_000_0.png,44,668,784,0,29.4
testing/10084636266401282188_1120_000_1140_000_0.png,60,536,548,1,34.8
testing/10084636266401282188_1120_000_1140_000_0.png,32,536,772,1,31.7
testing/10084636266401282188_1120_000_1140_000_0.png,40,668,784,0,29.3
testing/10084636266401282188_1120_000_1140_000_0.png,36,536,756,1,35.0
testing/10084636266401282188_1120_000_1140_000_0.png,40,568,756,0,34.7
testing/10084636266401282188_1120_000_1140_000_0.png,12,544,756,1,35.0
testing/10084636266401282188_1120_000_1140_000_0.png,8,536,756,1,35.1
testing/10084636266401282188_1120_000_1140_000_0.png,4,536,756,1,35.1
testing/10084636266401282188_1120_000_1140_000_0.png,0,548,756,1,35.2
